M<mK|]yxAq	可笑しい	おかしい	違和感があって変だと思う	
bGIAC=fJmz	素朴	そぼく	飾り気がなく素直な様子	
kf0u+&U].A	嗅覚	きゅうかく	においを感じ取る能力	
Hx5O5q{_Df	引き金	ひきがね	ある出来事の発端となるもの	
"qnjP=S!6#q"	汚染	おせん	有害なもので汚れてしまう	
L:%g^gfwm_	診察	しんさつ	医者が患者の状態を調べる	
McJlOJ+rBn	憤怒	ふんぬ	激しい怒りの感情	
syYc7:(B_O	誠に	まことに	偽りなく心からそう思う	
GQW`p.91x4	束の間	つかのま	ほんの短い時間	
Po:5dGDnf*	醸し出す	かもしだす	ある雰囲気や味わいを生む	
JTWWNLq:;L	婿	むこ	結婚した女性の配偶者	
xdd.iu1iT`	石造り	いしづくり	石材を用いて造られた構造	
Fm0)zO@okC	矛先	ほこさき	攻撃や批判が向かう方向	
s(1A!r.u@M	身代わり	みがわり	代わりに犠牲になるもの	
D<:j|$Wy[l	姫君	ひめぎみ	身分の高い家の女性への敬称	
B+`<OVW9IO	漢字	かんじ	中国由来の表意文字	
HTfzi;]jY<	振舞う	ふるまう	その場に応じて行動する	
E*{$+*9/k~	稲妻	いなずま	雷と共に光る空の閃光	
MI_7]z]Bp7	覇気	はき	積極的にやる気があること	
D=I;|a&!B%	顕現	けんげん	隠れていたものが現れる	
pU=^6+_*Q&	籠る	こもる	外に出ず閉じこもる	
z|ND*D+fKn	畏怖	いふ	恐れ敬う気持ち	
"d~OH/%]#zs"	抱擁	ほうよう	愛情を込めて強く抱く	
lhF^MT[7T&	前触れ	まえぶれ	何かが起こる前の兆候	
RaGCa;>bz&	搭載	とうさい	機器や機能を積み込む	
ksflcL1_hn	白濁	はくだく	液体が白く濁っている	
wx3{avLD<5	墜落	ついらく	飛んでいるものが落ちる	
IN^+QsUUvI	顧問	こもん	専門知識で助言する立場	
b@sI_p~z|C	拉致	らち	無理やり連れて行く	
i9b~)29!tH	糾弾	きゅうだん	非を責めて問い詰める	
KUe1]IR<Er	壮絶	そうぜつ	凄まじく激しいさま	
AjO.Qn7aaZ	蒸発	じょうはつ	液体が気体になって消える	
OUwZ;)8F%j	妖しい	あやしい	不気味で不思議な魅力がある	
MY7CR!XDQ	旨	むね	考えや意図しているところ	
wS9F0n{2*)	鎌	かま	草や稲を刈る道具	
M_|b+qF>>y	彫刻	ちょうこく	素材を削って造形する芸術	
qM.q-(6q@L	目印	めじるし	場所を示すための標識	
J_)NWU.|M	妖艶	ようえん	怪しげで色っぽい様子	
KxPJy1G.R$	繁栄	はんえい	勢いが盛んで栄える	
muPn@_ZQ&/	入浴	にゅうよく	湯船に浸かって体を洗う	
"B]ki#Hg9!4"	負荷	ふか	機械や体にかかる重み	
KA<MZ7$I7@	身震い	みぶるい	怖さや寒さで体が震える	
x+H,<H14%w	部署	ぶしょ	組織内の担当区分	
Eef{HB@?-[	路	じ	人や車が通るための道	
xz8QyZux|n	落書き	らくがき	壁などに勝手に描く描画	
quc9p.b><>	金銭	きんせん	取引に使う価値の媒体	
:t}Di$d0b	真紅	しんく	鮮やかな濃い赤色	
"C&i#]>G+}:"	一色	いっしょく	全体が一種類の色だけ	
wFXtwW2<,I	亀	かめ	甲羅を持つ長寿の爬虫類	
Erq_N*ZPv,	宿泊	しゅくはく	旅先で夜を過ごす	
E$|dB@>mfa	辛抱	しんぼう	苦しいのを我慢して耐える	
vk}[$|P[Cw	浸透	しんとう	液が少しずつ染み込む	
d5!.^_|ZY=	該当	がいとう	条件や要件に当てはまる	
MpzWk|:N<p	偏る	かたよる	一方に寄って均等でない	
fsZt01=nl0	偏見	へんけん	根拠なく一方的に決めつける	
NUeq}BkN]^	暖炉	だんろ	室内で火を焚くための設備	
LZLb;vE:r_	横暴	おうぼう	勝手気ままに振る舞う	
b:a?^)c7=l	和やか	なごやか	穏やかで温かい雰囲気	
x7K$}bDLK[	欄	らん	書類の中の区分された枠	
t.^Dv~Q]my	沢	さわ	山間を流れる小さな流れ	
N~q(b^S/1z	後ろ盾	うしろだて	支えてくれる頼りになる存在	
cE9?7Vf;N;	姉弟	してい	姉と弟のきょうだい関係	
wM]+XcY$$o	船長	せんちょう	船舶の最高指揮者	
B;E32DB--[	奪還	だっかん	奪われたものを取り戻す	
Ohky=.Q-Kw	弧を描く	こをえがく	曲線を描くように動く	
hU/iL:[p8[	拙い	つたない	技術が未熟で下手な様子	
f;@Spw?F(A	綻ぶ	ほころぶ	縫い目がほどけて開く	
D@%l6505<3	刺客	しかく	暗殺を目的に送られた者	
"D.5mc#u_lc"	戦法	せんぽう	戦いや勝負での作戦	
QS|Y@=}@`5	零	れい	何もないことを示す数字	
"hC#YNkZ8/s"	筆	ふで	墨を含ませて字を書く道具	
Cz6Pax5{1%	著しい	いちじるしい	程度が非常に目立っている	
yYy<GO|bbZ	腫れる	はれる	炎症で皮膚が膨らむ	
"cpmz|E#>r&"	株	かぶ	会社の所有権を示す証券	
fRQl:~H7rf	敬う	うやまう	相手を尊んで大切にする	
DIFT,POT}&	失くす	なくす	持っていたものを無くす	
Aw;_*?4UN7	貝	かい	硬い殻を持つ海の生き物	
jyD,V-Z?kD	坊ちゃん	ぼっちゃん	裕福な家の男の子への呼称	
o_-dU[8Grh	お人好し	おひとよし	騙されやすい善良な人	
eXN:9.Q6vS	小突く	こづく	軽く突いてつつく	
COm>eGN8/7	躍る	おどる	嬉しさで体が弾む	
iUSI<3By+F	芋	いも	土の中で育つデンプン質の野菜	
"bk#mx~lv,3"	芝生	しばふ	地面を覆う短い草	
KK+vGdb@zI	半径	はんけい	円の中心から端までの長さ	
"H+KGpb`b#S"	神秘	しんぴ	不思議で計り知れない様子	
DY6Ts3<G?S	倣う	ならう	先例や習慣に従う	
b]_+w*eYlg	省く	はぶく	不要なものを除いて減らす	
"d3gbv*g#:}"	お腹が空く	おなかがすく	食事を欲する状態になる	
vX,Ltvx&s)	執行	しっこう	決定事項を実際に行う	
A?d=t8A;W7	空港	くうこう	飛行機が発着する施設	
P:2s?[,%)t	股	また	両脚の付け根の内側部分	
J_Z=Y]25l9	全うする	まっとうする	最後まで果たし遂げる	
P`sKM)c87X	外道	げどう	人としての道を外れた者	
"dp#pjQ)E,}"	直ちに	ただちに	ためらわず即刻	
"g#=85UJ}85"	狩人	かりゅうど	野生動物を追う職業	
uofVu+`szg	鼻血	はなぢ	鼻の穴から出る出血	
thEH.?5072	忌まわしい	いまわしい	思い出したくない不吉な感じ	
E)UYa%9u?$	生真面目	きまじめ	真面目すぎて堅苦しい様子	
bi/>hgF(9|	河	かわ	水が流れる細長い地形	
j^jSN|}2AW	筒	つつ	中が空の細長い円形の管	
IVgCKit~dm	擦りつける	なすりつける	責任や罪を他者に押し付ける	
2+;FVjpP.	育む	はぐくむ	愛情を注ぎ大切に育てる	
z<|(iTkU7t	籠もる	こもる	部屋にこもって出てこない	
"GM0>]#hgyw"	運搬	うんぱん	荷物を運び移動させる	
nM11kD7gPF	捕虜	ほりょ	戦争で捕らえた敵兵	
AtW|(3n2}4	神々しい	こうごうしい	神のような威厳がある様子	
oNTq[b=c}4	救済	きゅうさい	苦しむ者を助ける	
cOJ?=:V(]W	万歳	ばんざい	喜びの声を上げる掛け声	
w~}++xzh{Z	肝	きも	体内にある重要な臓器	
J(6RQSFRuU	手掛かり	てがかり	問題解決の足がかり	
c}|2s(`{_5	超越	ちょうえつ	通常の枠を超える	
i`~7.=.Xne	賜る	たまわる	目上の者から与えられる	
F$q(XPNe@U	鉄板	てっぱん	鉄でできた平たい板	
d0FjY}2pwH	老婆	ろうば	年老いた女性	
e{5_up6XC$	翻す	ひるがえす	ひらりと反対側に向ける	
"f/#{5*N)H."	隻	せき	船や片方を数える言葉	
"i%3F*h#?fQ"	式典	しきてん	公式に行われる儀式	
qaD~*=.lj(	絹	きぬ	蚕から取れる高級な繊維	
g_Yv0A+}l!	盛ん	さかん	勢いが良く活発な様子	
JEI=i{?U[f	伴侶	はんりょ	人生を共にする相手	
J>m5pfH>r[	卑劣	ひれつ	手段を選ばない卑怯な様子	
j{7``^XtaH	同居	どうきょ	同じ家に一緒に住む	
zQ<<9L@Fjl	崇める	あがめる	神のようにあがめ尊ぶ	
q$O?.e.5:s	頭を垂れる	こうべをたれる	敬意を表しうつむく仕草	
f*G4we:7Co	大樹	たいじゅ	大きく育った立派な木	
dX72hzH()V	侍	さむらい	武士と呼ばれた戦士階級	
iAk(8Hb^$_	映える	はえる	美しく際立って見える	
qtA4y1e?ab	肩越し	かたごし	肩の向こう側から	
t9Er&-%sOY	凍える	こごえる	極度の寒さで体が冷える	
FE~&Ig:pgU	欺く	あざむく	嘘をついて騙す	
MQ+BpXW>a:	印刷	いんさつ	紙に文字や絵を写し取る	
Arn%{/>sG4	木陰	こかげ	木の下の日陰の場所	
zDA$qu4EB,	梅	うめ	春先に咲く香りの良い花	
]t}.7?)6n	請け負う	うけおう	仕事を引き受ける	
MU*-}xa4J5	新品	しんぴん	まだ一度も使われていない	
l~qG?(7UbM	山積み	やまづみ	山のように積み重なる	
F08*qpJ2~>	淫ら	みだら	REVIEW_NEEDED	REVIEW_NEEDED: 性的な語。教材に適さない可能性
oA9DO|octy	灯	あかり	暗闇を照らす光り	
Ff28@ltXjV	郊外	こうがい	街の外れの地域	
y=!]WgTPRZ	一目瞭然	いちもくりょうぜん	一目見ればはっきり分かる	
"h<p#VPw.-("	酔っ払う	よっぱらう	酒に酔って正常でなくなる	
fbr=-~!wOS	苛烈	かれつ	非常に厳しく激しい様子	
qgPAc^[2UQ	格好良い	かっこいい	見た目や態度が魅力的	
q|_ZWb@_i}	畏まる	かしこまる	丁寧な態度で控えめになる	
IXA+;jWi7t	峰	みね	山の一番高い頂上部分	
"NP4P#Dhc?}"	突っ走る	つっぱしる	勢いよく一直線に進む	
xmq!WS;4+b	幼稚園	ようちえん	小学校入学前に通う教育施設	
rq/S*TwDda	野暮	やぼ	洗練されておらず垢抜けない	
x=c$At*YvZ	思しき	おぼしき	〜のように見える。推測表現	
eBl?y.7ynA	私ども	わたくしども	自分のことを謙って言う	
OnmI~2l$kl	奮い立つ	ふるいたつ	勇気や意欲が湧き上がる	
lw!lk!01.p	お節介	おせっかい	余計なお世話を焼くこと	
jx]7ffQLa2	吹雪	ふぶき	強い風で雪が舞う現象	
Kdc)4kKVch	街灯	がいとう	道路を照らすための灯り	
L2*,w~!dkV	拘る	かかわる	ある一点にこだわり過ぎる	
FgW8kKhV4!	診る	みる	患者を調べて状態を判断	
oVC:|*|Cj)	名残	なごり	過ぎ去ったものの余韻	
Hy<XUafB^j	隠れ家	かくれが	秘密の避難所	
gz}b]4l~zh	暴露	ばくろ	秘密を外部に明かす	
F|,JGI0NRr	取り柄	とりえ	その人の優れた長所	
n([-;}.W!@	摂取	せっしゅ	栄養などを体内に取り入れる	
nB9Wp-;Y|x	皇	すめ	国の象徴であり君主	
qw.&_/7t4v	水泳	すいえい	水中を泳ぐスポーツ	
jB,@Jw}&g&	朽ちる	くちる	長い年月で徐々に傷む	
)K}oBX`x8	柔軟	じゅうなん	硬くなくしなやかな様子	
E=>66?P<*2	諸々	もろもろ	様々な物事のすべて	
z5ptp!HUvd	斜面	しゃめん	傾斜のある地面	
y$]<^k;:=4	質素	しっそ	贅沢をせず簡素な暮らし	
n3N1/x7tJ5	大仰	おおぎょう	大げさでわざとらしい様子	
"f>@Mp#50bC"	爪先	つまさき	足の指の先端部分	
DfZ>b3c@8E	宛	あて	送り先の名前や所在地	
D]m=c0_>^Y	災い	わざわい	不幸や悪い出来事	
n81MS5jXe0	千切れる	ちぎれる	細かく裂けて離れる	
j0ZRHl9$?v	説く	とく	分かりやすく説明する	
r>2q/iA!2i	恒例	こうれい	毎年同じように行う行事	
q*4hODDY&}	切羽詰まる	せっぱつまる	追い詰められて余裕がない	
r6|Js7c,4=	停まる	とまる	動いていたものが静止する	
"ewT#r1$/M{"	概ね	おおむね	だいたい。おおよそ	
dnLw[>FJsq	貯金	ちょきん	お金を銀行に預ける	
GE5B?:vML	手強い	てごわい	簡単には勝てない相手	
C4Ub:si{Y4	寄付	きふ	公益のために金品を贈る	
E[&i=E.d;I	叱責	しっせき	厳しく叱り咎める	
A=-dg?sgQ[	気に病む	きにやむ	心配して苦しく思う	
FT!ctMuK~%	多忙	たぼう	やる事が多くて忙しい	
A}=X!CmEQ3	性癖	せいへき	REVIEW_NEEDED	REVIEW_NEEDED: 性的指向を連想させる語。教材に適さない可能性
d:pQk|Pdbd	鉛	なまり	重くて柔らかい灰色の金属	
H70$F<[CsB	目障り	めざわり	視界に入って不快なもの	
KMsHdX.sKr	葬式	そうしき	亡くなった人のための儀式	
E2&+MDr9sO	開拓	かいたく	未開の地を切り開く	
Ig{d]Veo^y	御免	ごめん	謝罪や許可を求める言葉	
Ece5ze66%Q	翻訳	ほんやく	別の言語に直すこと	
dV^Y:@%PlS	尻餅をつく	しりもちをつく	滑って後ろに倒れ座り込む	
x%QT(a$dw>	聴覚	ちょうかく	音を聞き取る能力	
"l.0Ig#|rg9"	色彩	しきさい	物の色合いや配色	
C245BZCb57	雷鳴	らいめい	雷の轟く音	
K[@F9`.J16	物好き	ものずき	変わったことに興味を持つ	
I^m6jJp5ws	成就	じょうじゅ	願いや目標が実現する	
ow=Ma[]q%n	催促	さいそく	早くするよう迫る	
"fOSC<ga#gE"	即ち	すなわち	言い換えると。すなわち	
DAa8lBur@s	乗客	じょうきゃく	交通機関を利用する客	
m%/s<0?<<x	小細工	こざいく	目立たない程度のごまかし	
w}G,@D[@I*	近辺	きんぺん	その周辺の地域	
N%=COdf_*`	稼働	かどう	機械が実際に動いている	
e94FNPfd=+	発砲	はっぽう	銃を撃つ行為	
g6}J?s?r%R	朱	しゅ	やや黄みがかった鮮やかな赤	
pkDoeNKP=	腐敗	ふはい	有機物が腐って変質する	
lg@&s,PqF	日間	ひあい	日中互いに向き合う間柄	
tf.%al+W;9	欠伸	あくび	眠い時に口から出る仕草	
h_l9k](<jX	寛大	かんだい	心が広く細かい事を気にしない	
Cc]?dbh~]~	腕時計	うでどけい	腕に巻く携帯用の時計	
f?3*cM<~D3	慈しむ	いつくしむ	深い愛情を持ってかわいがる	
$D/ZZaz>O	還る	かえる	元の場所や状態に戻る	
o8zj7&b(hW	鉛筆	えんぴつ	芯で文字を書く筆記具	
m2jQH6+IDt	真珠	しんじゅ	貝殻の中でできる宝石	
nsI,(~Y|zM	図々しい	ずうずうしい	厚かましく遠慮がない様子	
M,nYmhrWqg	骨折	こっせつ	骨が折れてしまう怪我	
K.@KH`HvL_	税金	ぜいきん	国に納めるお金	
CU40a3ReNn	栄える	さかえる	勢いが盛んで繁盛する	
CsOZ0u2A:J	発つ	たつ	出発のために立ち去る	
TKp2We7[|	鎮座	ちんざ	落ち着いて場所にいる	
b*D0eXu_/$	彫る	ほる	刃物で削って形を作る	
r<rOSc$gK9	軍服	ぐんぷく	軍人が着る制服	
dRm*Z/}8C_	騒々しい	そうぞうしい	うるさく落ち着かない	
"IS=`26.ls#"	火種	ひだね	争いなどの原因となるもの	
i&2u@qQME:	焦らす	じらす	じらせて待たせる	
A]4CWUkUXB	扇	おうぎ	あおいで風を起こす道具	
D>|?dG`t[*	奔流	ほんりゅう	激しく流れる水流	
Q$utmq-|O/	不謹慎	ふきんしん	軽率で慎みを欠く様子	
ri-u|mONsX	私	わたし	自分を指す代名詞	
Qqi2{2oN%=	言う	いう	口に出して伝える	
J5^Rk^B+*2	思う	おもう	頭の中で考える	
"NAS1JEc#8`"	見る	みる	目を使って確かめる	
HLh<;YV>w:	俺	おれ	男が使う強い自己表現	
CJMrt.iN:G	行く	いく	ある場所へ向かう	
LR7/[;nx,N	何	なに	不明な物事を尋ねる語	
K&h%X(co}_	来る	くる	こちらに向かってくる	
Auq$sxJ%@{	今	いま	この瞬間の時間	
nV$t3f$PF6	自分	じぶん	話し手本人を指す	
my~btT{:^*	聞く	きく	耳で音を感じ取る	
uc@CION$-E	知る	しる	情報を理解し把握する	
he[03k.?v&	人	ひと	社会的な生き物の一種	
evZSdAuJDY	中	なか	範囲の内部	
ghTx|G?gZw	顔	かお	頭部前面の表情のある部分	
Np3r(pS_77	前	まえ	正面方向の空間	
Kqa>c0l3Gn	出る	でる	内部から外部へ移動する	
Gl[81(s~d=	考える	かんがえる	頭を働かせて論じる	
"E#cOSpA:Gu"	彼女	かのじょ	女性を指す三人称代名詞	
xS/MTLD@g.	話	はなし	言葉で交わす内容そのもの	
D*`/>4mfEV	本当	ほんとう	偽りのない事実	
x4SiUI:_&6	手	て	腕の先にある把握器官	
r;d[@U}k6|	待つ	まつ	人が来るのをじっとする	
o!{=@WY>~F	言葉	ことば	意思を伝えるための記号体系	
bK~U/>G7w2	入る	はいる	外から中へ移動する	
m)U*!>fq4?	様	さま	相手を敬って呼ぶときの語	
vkcJ|)T3RU	今日	きょう	現在のこの日	
m@t/G]_v}~	声	こえ	喉から発せられる音	
GX:!StPo30	持つ	もつ	手に取って保持する	
wc^[Azq=1c	目	め	光を感じる視覚器官	
jX[cQJa!^a	少し	すこし	数量や程度が少ない	
O5&cz<9&7P	違う	ちがう	比較して同一でない	
f:fP&eT:i2	方	ほう	向きや可能性を指し示す	
w5c4u~&EdV	男	おとこ	女性でない性別の人	
jkJp>Mu&(s	使う	つかう	道具や手段として用いる	
y,q7{M3n+3	時	とき	ある瞬間や期限を表す	
KQU+s3H2wh	分かる	わかる	内容を理解する	
GH08qUE!iG	僕	ぼく	男性がよく使う一人称	
HA,q_{XV=K	大丈夫	だいじょうぶ	問題がなく安全な様子	
JiE4=48svb	彼	かれ	男性を指す三人称代名詞	
uivp4QYetf	君	きみ	相手を親しみ込めて呼ぶ	
n?4Nv.`Ke	人間	にんげん	社会を形成する霊長類	
e:BD)u8*m/	同じ	おなじ	二つ以上に差異がない	
zQ0j2A;.Kx	部屋	へや	壁で区切られた室内空間	
eV&NA=H]WT	悪い	わるい	道徳や状態が良くない	
K1~v=.*9HZ	時間	じかん	過去から未来へ流れる概念	
s`iiuId>i_	作る	つくる	材料から新しく生み出す	
OSC//6}Cim	家	いえ	生活するための建造物	
p7vRpxe,8L	感じる	かんじる	刺激を五感で受け止める	
GXFbys(U5t	上	うえ	基準より高い位置	
z>PPw*mgkz	強い	つよい	力が大きく屈しない	
x,4cc8OafZ	出す	だす	内にあるものを外に送る	
i!{f]G;l}L	笑う	わらう	面白くて声を出す	
i<X{9FzSi/	一緒に	いっしょに	複数の者が同時に行う	
ut:ygaSba^	好き	すき	心が惹かれて好ましい	
b<N-[p2klb	力	ちから	物体を動かす源の量	
zC)Ac:s|Wd	世界	せかい	地球上の全ての地域	
pp=S45Q+a`	相手	あいて	一緒に物事をする他者	
"go4NU#gvEr"	姿	すがた	外から見える形状や様子	
zS2UYnnDnf	死ぬ	しぬ	生命活動が終わる	
Agt@WqfVb	事	こと	具体的でない内容やできごと	
A2XJm=}2OE	食べる	たべる	食物を口から体内に入れる	
EOpZLoPX<h	場所	ばしょ	特定の位置や区域	
"iS8_%(#uG."	早い	はやい	時間的な速度が速い	
Fmag7Y+*Ae	頭	あたま	体の一番上にある部分	
y[jNY+]&)!	戻る	もどる	元の場所や状態に帰る	
vf8qWwi[:y	二人	ふたり	二つの人間の組み合わせ	
GEn^SsXb;:	呼ぶ	よぶ	名前や声で相手を招く	
D>)8aQCm5q	続ける	つづける	中断せずにそのままやる	
w|*t,_g{v|	話す	はなす	言葉を使って伝える	
Dl/?]l0tP)	会う	あう	相手に面と向かって逢う	
hfJSlI.o~i	必要	ひつよう	なくてはならないこと	
