Line	Word	Reading	NonJoyo	TargetTag
157	呆れる	あきれる	呆	move_non_joyo_to_2dan
176	濡れる	ぬれる	濡	move_non_joyo_to_2dan
186	喋る	しゃべる	喋	move_non_joyo_to_2dan
196	舐める	なめる	舐	move_non_joyo_to_2dan
202	睨む	にらむ	睨	move_non_joyo_to_2dan
204	溢れる	あふれる	溢	move_non_joyo_to_2dan
259	揃う	そろう	揃	move_non_joyo_to_2dan
279	繋がる	つながる	繋	move_non_joyo_to_2dan
322	覗く	のぞく	覗	move_non_joyo_to_2dan
361	怯える	おびえる	怯	move_non_joyo_to_2dan
390	騙す	だます	騙	move_non_joyo_to_2dan
430	槍	やり	槍	move_non_joyo_to_2dan
440	囁く	ささやく	囁	move_non_joyo_to_2dan
444	安堵	あんど	堵	move_non_joyo_to_2dan
480	呆然	ぼうぜん	呆	move_non_joyo_to_2dan
494	鎧	よろい	鎧	move_non_joyo_to_2dan
520	歪む	ゆがむ	歪	move_non_joyo_to_2dan
521	噛む	かむ	噛	move_non_joyo_to_2dan
552	罠	わな	罠	move_non_joyo_to_2dan
584	喧嘩	けんか	喧嘩	move_non_joyo_to_2dan
619	叶う	かなう	叶	move_non_joyo_to_2dan
654	狼	おおかみ	狼	move_non_joyo_to_2dan
668	辿り着く	たどりつく	辿	move_non_joyo_to_2dan
680	杖	つえ	杖	move_non_joyo_to_2dan
682	俯く	うつむく	俯	move_non_joyo_to_2dan
711	復讐	ふくしゅう	讐	move_non_joyo_to_2dan
728	訊く	きく	訊	move_non_joyo_to_2dan
751	纏う	まとう	纏	move_non_joyo_to_2dan
766	窺う	うかがう	窺	move_non_joyo_to_2dan
829	驚愕	きょうがく	愕	move_non_joyo_to_2dan
836	溜まる	たまる	溜	move_non_joyo_to_2dan
841	捧げる	ささげる	捧	move_non_joyo_to_2dan
888	滲む	にじむ	滲	move_non_joyo_to_2dan
899	晒す	さらす	晒	move_non_joyo_to_2dan
917	筈	はず	筈	move_non_joyo_to_2dan
918	這う	はう	這	move_non_joyo_to_2dan
921	勿論	もちろん	勿	move_non_joyo_to_2dan
966	眩しい	まぶしい	眩	move_non_joyo_to_2dan
978	唸る	うなる	唸	move_non_joyo_to_2dan
981	鞄	かばん	鞄	move_non_joyo_to_2dan
996	絆	きずな	絆	move_non_joyo_to_2dan
997	庇う	かばう	庇	move_non_joyo_to_2dan
1000	躊躇	ちゅうちょ	躊躇	move_non_joyo_to_2dan
1016	尖る	とがる	尖	move_non_joyo_to_2dan
1022	遥か	はるか	遥	move_non_joyo_to_2dan
1034	蘇る	よみがえる	蘇	move_non_joyo_to_2dan
1039	咄嗟に	とっさに	咄嗟	move_non_joyo_to_2dan
1082	揉む	もむ	揉	move_non_joyo_to_2dan
1083	龍	りゅう	龍	move_non_joyo_to_2dan
1090	怪訝	けげん	訝	move_non_joyo_to_2dan
1099	喰う	くう	喰	move_non_joyo_to_2dan
1132	惚れる	ほれる	惚	move_non_joyo_to_2dan
1134	煽る	あおる	煽	move_non_joyo_to_2dan
1142	対峙	たいじ	峙	move_non_joyo_to_2dan
1157	惹く	ひく	惹	move_non_joyo_to_2dan
1161	贅沢	ぜいたく	贅	move_non_joyo_to_2dan
1167	馴染む	なじむ	馴	move_non_joyo_to_2dan
1185	瞼	まぶた	瞼	move_non_joyo_to_2dan
1197	息を呑む	いきをのむ	呑	move_non_joyo_to_2dan
1207	卿	きょう	卿	move_non_joyo_to_2dan
1213	卑怯	ひきょう	怯	move_non_joyo_to_2dan
1244	薔薇	ばら	薔薇	move_non_joyo_to_2dan
1254	賑やか	にぎやか	賑	move_non_joyo_to_2dan
1263	痙攣	けいれん	痙攣	move_non_joyo_to_2dan
1268	厨房	ちゅうぼう	厨	move_non_joyo_to_2dan
1290	痺れる	しびれる	痺	move_non_joyo_to_2dan
1299	凛	りん	凛	move_non_joyo_to_2dan
1301	些細	ささい	些	move_non_joyo_to_2dan
1307	一瞥	いちべつ	瞥	move_non_joyo_to_2dan
1314	巫女	みこ	巫	move_non_joyo_to_2dan
1315	傭兵	ようへい	傭	move_non_joyo_to_2dan
1327	咳払い	せきばらい	咳	move_non_joyo_to_2dan
1339	雫	しずく	雫	move_non_joyo_to_2dan
1341	拗ねる	すねる	拗	move_non_joyo_to_2dan
1344	踵を返す	きびすをかえす	踵	move_non_joyo_to_2dan
1346	掻く	かく	掻	move_non_joyo_to_2dan
1356	呻く	うめく	呻	move_non_joyo_to_2dan
1359	微塵	みじん	塵	move_non_joyo_to_2dan
1365	可憐	かれん	憐	move_non_joyo_to_2dan
1373	躊躇う	ためらう	躊躇	move_non_joyo_to_2dan
1381	紐	ひも	紐	move_non_joyo_to_2dan
1393	麻痺	まひ	痺	move_non_joyo_to_2dan
1396	佇む	たたずむ	佇	move_non_joyo_to_2dan
1400	曰く	いわく	曰	move_non_joyo_to_2dan
1416	淹れる	いれる	淹	move_non_joyo_to_2dan
1434	儚い	はかない	儚	move_non_joyo_to_2dan
1453	鞘	さや	鞘	move_non_joyo_to_2dan
1462	唖然	あぜん	唖	move_non_joyo_to_2dan
1465	咆哮	ほうこう	咆哮	move_non_joyo_to_2dan
1477	殲滅	せんめつ	殲	move_non_joyo_to_2dan
1480	殆ど	ほとんど	殆	move_non_joyo_to_2dan
1481	怯む	ひるむ	怯	move_non_joyo_to_2dan
1483	蠢く	うごめく	蠢	move_non_joyo_to_2dan
1497	華奢	きゃしゃ	奢	move_non_joyo_to_2dan
1515	幼馴染	おさななじみ	馴	move_non_joyo_to_3dan
1517	鞭	むち	鞭	move_non_joyo_to_3dan
1520	砦	とりで	砦	move_non_joyo_to_3dan
1525	迂闊	うかつ	迂闊	move_non_joyo_to_3dan
1550	吠える	ほえる	吠	move_non_joyo_to_3dan
1563	軋む	きしむ	軋	move_non_joyo_to_3dan
1564	牽制	けんせい	牽	move_non_joyo_to_3dan
1571	お詫び	おわび	詫	move_non_joyo_to_3dan
1590	目を瞑る	めをつぶる	瞑	move_non_joyo_to_3dan
1601	咎める	とがめる	咎	move_non_joyo_to_3dan
1602	刺繍	ししゅう	繍	move_non_joyo_to_3dan
1604	閃光	せんこう	閃	move_non_joyo_to_3dan
1607	埃	ほこり	埃	move_non_joyo_to_3dan
1608	跪く	ひざまずく	跪	move_non_joyo_to_3dan
1616	轟音	ごうおん	轟	move_non_joyo_to_3dan
1621	絨毯	じゅうたん	絨毯	move_non_joyo_to_3dan
1624	蝶	ちょう	蝶	move_non_joyo_to_3dan
1635	蹂躙	じゅうりん	蹂躙	move_non_joyo_to_3dan
1659	彷徨う	さまよう	彷徨	move_non_joyo_to_3dan
1665	檻	おり	檻	move_non_joyo_to_3dan
1678	訊ねる	たずねる	訊	move_non_joyo_to_3dan
1691	訝しい	いぶかしい	訝	move_non_joyo_to_3dan
1695	膣内	ちつない	膣	move_non_joyo_to_3dan
1698	兎	うさぎ	兎	move_non_joyo_to_3dan
1700	躱す	かわす	躱	move_non_joyo_to_3dan
1704	渾身	こんしん	渾	move_non_joyo_to_3dan
1718	鱗	うろこ	鱗	move_non_joyo_to_3dan
1721	妾	めかけ	妾	move_non_joyo_to_3dan
1736	屍	しかばね	屍	move_non_joyo_to_3dan
1739	溜息	ためいき	溜	move_non_joyo_to_3dan
1758	喘ぐ	あえぐ	喘	move_non_joyo_to_3dan
1759	見惚れる	みとれる	惚	move_non_joyo_to_3dan
1760	咥える	くわえる	咥	move_non_joyo_to_3dan
1764	攫う	さらう	攫	move_non_joyo_to_3dan
1768	炸裂	さくれつ	炸	move_non_joyo_to_3dan
1784	肩を竦める	かたをすくめる	竦	move_non_joyo_to_3dan
1810	縋る	すがる	縋	move_non_joyo_to_3dan
1814	囮	おとり	囮	move_non_joyo_to_3dan
1821	抉る	くじる	抉	move_non_joyo_to_3dan
1827	悶える	もだえる	悶	move_non_joyo_to_3dan
1843	混沌	こんとん	沌	move_non_joyo_to_3dan
1859	瓦礫	がれき	礫	move_non_joyo_to_3dan
1865	愛撫	あいぶ	撫	move_non_joyo_to_3dan
1866	爺	じじ	爺	move_non_joyo_to_3dan
1867	儂	わし	儂	move_non_joyo_to_3dan
1870	髭	ひげ	髭	move_non_joyo_to_3dan
1877	莫大	ばくだい	莫	move_non_joyo_to_3dan
1879	撒く	まく	撒	move_non_joyo_to_3dan
1884	大袈裟	おおげさ	袈裟	move_non_joyo_to_3dan
1895	獅子	しし	獅	move_non_joyo_to_3dan
1899	嗚咽	おえつ	嗚	move_non_joyo_to_3dan
1900	稀	まれ	稀	move_non_joyo_to_3dan
1901	甲斐がある	かいがある	斐	move_non_joyo_to_3dan
1902	皺	しわ	皺	move_non_joyo_to_3dan
1906	呆ける	ぼける	呆	move_non_joyo_to_3dan
1920	仇	あだ	仇	move_non_joyo_to_3dan
1922	伊達	だて	伊	move_non_joyo_to_3dan
1923	蜘蛛	くも	蜘蛛	move_non_joyo_to_3dan
1926	孕む	はらむ	孕	move_non_joyo_to_3dan
1927	脆い	もろい	脆	move_non_joyo_to_3dan
1929	狐	きつね	狐	move_non_joyo_to_3dan
1939	爺さん	じいさん	爺	move_non_joyo_to_3dan
1945	噓	うそ	噓	move_non_joyo_to_3dan
1955	執拗	しつよう	拗	move_non_joyo_to_3dan
1987	棘	とげ	棘	move_non_joyo_to_3dan
1991	逡巡	しゅんじゅん	逡	move_non_joyo_to_3dan
2004	斧	おの	斧	move_non_joyo_to_3dan
2009	汝	な	汝	move_non_joyo_to_3dan
2018	嚙む	かむ	嚙	move_non_joyo_to_3dan
2024	閃く	ひらめく	閃	move_non_joyo_to_3dan
2026	蕩ける	とろける	蕩	move_non_joyo_to_3dan
2039	奢る	おごる	奢	move_non_joyo_to_3dan
2043	云々	うんぬん	云	move_non_joyo_to_3dan
2044	吊り上げる	つりあげる	吊	move_non_joyo_to_3dan
2054	苦悶	くもん	悶	move_non_joyo_to_3dan
2055	狼狽	ろうばい	狼狽	move_non_joyo_to_3dan
2060	勿体ない	もったいない	勿	move_non_joyo_to_3dan
2061	廃墟	はいきょ	墟	move_non_joyo_to_3dan
2062	轟く	とどろく	轟	move_non_joyo_to_3dan
2065	嵌める	はめる	嵌	move_non_joyo_to_3dan
2085	壺	つぼ	壺	move_non_joyo_to_3dan
2087	恰好	かっこう	恰	move_non_joyo_to_3dan
2088	宥める	なだめる	宥	move_non_joyo_to_3dan
2095	恍惚	こうこつ	恍惚	move_non_joyo_to_3dan
2100	摑む	つかむ	摑	move_non_joyo_to_3dan
2108	釘付け	くぎづけ	釘	move_non_joyo_to_3dan
2146	呑気	のんき	呑	move_non_joyo_to_3dan
2147	牢	ろう	牢	move_non_joyo_to_3dan
2154	ご馳走	ごちそう	馳	move_non_joyo_to_3dan
2155	歪	いびつ	歪	move_non_joyo_to_3dan
2158	汲む	くむ	汲	move_non_joyo_to_3dan
2166	眉を顰める	まゆをひそめる	顰	move_non_joyo_to_3dan
2177	飴	あめ	飴	move_non_joyo_to_3dan
2180	胡散臭い	うさんくさい	胡	move_non_joyo_to_3dan
2186	冴える	さえる	冴	move_non_joyo_to_4dan
2195	凌ぐ	しのぐ	凌	move_non_joyo_to_4dan
2202	生贄	いけにえ	贄	move_non_joyo_to_4dan
2203	眷属	けんぞく	眷	move_non_joyo_to_4dan
2205	杭	くい	杭	move_non_joyo_to_4dan
2211	迸る	ほとばしる	迸	move_non_joyo_to_4dan
2215	霞む	かすむ	霞	move_non_joyo_to_4dan
2223	灼熱	しゃくねつ	灼	move_non_joyo_to_4dan
2227	颯爽	さっそう	颯	move_non_joyo_to_4dan
2229	無垢	むく	垢	move_non_joyo_to_4dan
2236	不甲斐ない	ふがいない	斐	move_non_joyo_to_4dan
2238	朦朧	もうろう	朦朧	move_non_joyo_to_4dan
2244	眩い	まばゆい	眩	move_non_joyo_to_4dan
2247	蝕む	むしばむ	蝕	move_non_joyo_to_4dan
2248	此処	ここ	此	move_non_joyo_to_4dan
2249	咳き込む	せきこむ	咳	move_non_joyo_to_4dan
2258	咀嚼	そしゃく	咀嚼	move_non_joyo_to_4dan
2259	逞しい	たくましい	逞	move_non_joyo_to_4dan
2262	兜	かぶと	兜	move_non_joyo_to_4dan
2263	嬉々	きき	嬉	move_non_joyo_to_4dan
2265	腑に落ちる	ふにおちる	腑	move_non_joyo_to_4dan
2278	鷹	たか	鷹	move_non_joyo_to_4dan
2288	淵	ふち	淵	move_non_joyo_to_4dan
2289	醤油	しょうゆ	醤	move_non_joyo_to_4dan
2291	殺戮	さつりく	戮	move_non_joyo_to_4dan
2294	逢う	あう	逢	move_non_joyo_to_4dan
2296	疼く	うずく	疼	move_non_joyo_to_4dan
2298	瘴気	しょうき	瘴	move_non_joyo_to_4dan
2302	清楚	せいそ	楚	move_non_joyo_to_4dan
2308	蘇生	そせい	蘇	move_non_joyo_to_4dan
2312	憑く	つく	憑	move_non_joyo_to_4dan
2313	蒼	あお	蒼	move_non_joyo_to_4dan
2314	双眸	そうぼう	眸	move_non_joyo_to_4dan
2317	飛翔	ひしょう	翔	move_non_joyo_to_4dan
2319	啜る	すする	啜	move_non_joyo_to_4dan
2320	貶める	おとしめる	貶	move_non_joyo_to_4dan
2334	獰猛	どうもう	獰	move_non_joyo_to_4dan
2346	掠れる	かすれる	掠	move_non_joyo_to_4dan
2347	相槌を打つ	あいづちをうつ	槌	move_non_joyo_to_4dan
2348	味噌汁	みそしる	噌	move_non_joyo_to_4dan
2350	嗤う	わらう	嗤	move_non_joyo_to_4dan
2351	聡明	そうめい	聡	move_non_joyo_to_4dan
2355	激昂	げっこう	昂	move_non_joyo_to_4dan
2360	之	これ	之	move_non_joyo_to_4dan
2365	瀕死	ひんし	瀕	move_non_joyo_to_4dan
2367	外套	がいとう	套	move_non_joyo_to_4dan
2376	塵	ごみ	塵	move_non_joyo_to_4dan
2382	霞	かすみ	霞	move_non_joyo_to_4dan
2390	杞憂	きゆう	杞	move_non_joyo_to_4dan
2400	煌めく	きらめく	煌	move_non_joyo_to_4dan
2407	穿つ	うがつ	穿	move_non_joyo_to_4dan
2418	捌く	さばく	捌	move_non_joyo_to_4dan
2420	凌駕	りょうが	凌駕	move_non_joyo_to_4dan
2424	樽	たる	樽	move_non_joyo_to_4dan
2427	反芻	はんすう	芻	move_non_joyo_to_4dan
2434	足掻く	あがく	掻	move_non_joyo_to_4dan
2448	蒼白	そうはく	蒼	move_non_joyo_to_4dan
2450	急遽	きゅうきょ	遽	move_non_joyo_to_4dan
2454	遙か	はるか	遙	move_non_joyo_to_4dan
2456	範疇	はんちゅう	疇	move_non_joyo_to_4dan
2461	凛々しい	りりしい	凛	move_non_joyo_to_4dan
2463	投擲	とうてき	擲	move_non_joyo_to_4dan
2480	深淵	しんえん	淵	move_non_joyo_to_4dan
2487	竿	さお	竿	move_non_joyo_to_4dan
2488	豪奢	ごうしゃ	奢	move_non_joyo_to_4dan
2492	昂ぶる	たかぶる	昂	move_non_joyo_to_4dan
2493	甲冑	かっちゅう	冑	move_non_joyo_to_4dan
2506	矜持	きょうじ	矜	move_non_joyo_to_4dan
2513	厭う	いとう	厭	move_non_joyo_to_4dan
2517	謳う	うたう	謳	move_non_joyo_to_4dan
2523	体躯	たいく	躯	move_non_joyo_to_4dan
2526	呪詛	じゅそ	詛	move_non_joyo_to_4dan
2531	毅然	きぜん	毅	move_non_joyo_to_4dan
2533	枷	かせ	枷	move_non_joyo_to_4dan
2548	蟲	むし	蟲	move_non_joyo_to_4dan
2557	涎	よだれ	涎	move_non_joyo_to_4dan
2558	儲ける	もうける	儲	move_non_joyo_to_4dan
2560	薙ぎ払う	なぎはらう	薙	move_non_joyo_to_4dan
2583	湛える	たたえる	湛	move_non_joyo_to_4dan
2584	目眩	めまい	眩	move_non_joyo_to_4dan
2591	阿呆	あほ	阿呆	move_non_joyo_to_4dan
2604	呆気にとられる	あっけにとられる	呆	move_non_joyo_to_4dan
2605	云う	いう	云	move_non_joyo_to_4dan
2755	嬉しい	うれしい	嬉	move_non_joyo_to_4dan
2929	頷く	うなずく	頷	move_non_joyo_to_4dan
3018	嘘	うそ	嘘	move_non_joyo_to_4dan
3053	綺麗	きれい	綺	move_non_joyo_to_4dan
3068	呟く	つぶやく	呟	move_non_joyo_to_4dan
3101	叩く	たたく	叩	move_non_joyo_to_4dan
3112	噂	うわさ	噂	move_non_joyo_to_4dan
3168	掴む	つかむ	掴	move_non_joyo_to_4dan
3181	撫でる	なでる	撫	move_non_joyo_to_4dan
3261	貰う	もらう	貰	move_non_joyo_to_4dan
